,household_key,coef
0,2375,[-0.026508]
1,1364,[-2.97203189e-05]
2,1130,[-0.00451995]
3,1173,[0.01580838]
4,98,[0.01234521]
5,1172,[0.01476899]
6,1060,[-0.04085972]
7,1351,[0.00489795]
8,744,[0.03338579]
9,212,[-0.00656578]
10,2052,[-0.01740215]
11,1287,[-0.0080623]
12,718,[-0.00276064]
13,2483,[0.08197622]
14,1617,[0.11674011]
15,240,[0.00819138]
16,1843,[0.0049864]
17,2305,[0.02776085]
18,1916,[-0.00969002]
19,480,[-0.01151942]
20,271,[0.07550678]
21,255,[-0.01013291]
22,985,[0.03929545]
23,2371,[0.00540785]
24,347,[-0.0795031]
25,216,[0.01630534]
26,1913,[0.03099834]
27,293,[-0.00385074]
28,2324,[0.01662392]
29,1345,[6.35383329e-05]
30,1016,[0.16869077]
31,122,[-0.02257501]
32,1238,[-0.04127182]
33,1828,[-0.04033114]
34,1377,[0.01881779]
35,2105,[-0.05000787]
36,315,[0.00586997]
37,1289,[-0.00074649]
38,2095,[0.02764072]
39,2192,[-0.05801067]
40,593,[-0.00778002]
41,2110,[0.02904602]
42,2362,[-0.01451925]
43,2044,[-0.00701939]
44,2336,[-0.01466464]
45,924,[0.01151138]
46,432,[-0.01078458]
47,1116,[-0.02506906]
48,304,[0.00230434]
49,1629,[0.1337378]
50,2009,[-0.06513384]
51,1490,[-0.01133717]
52,343,[0.05292193]
53,34,[0.00535222]
54,1929,[-0.00574103]
55,827,[0.0104571]
56,568,[0.01153472]
57,575,[0.00341465]
58,2473,[-0.04960669]
59,14,[0.00637809]
60,474,[0.1321271]
61,1123,[0.02294656]
62,1558,[0.00531661]
63,2352,[-0.18269407]
64,361,[0.04831875]
65,681,[0.00460723]
66,630,[0.04051905]
67,585,[-0.00568897]
68,2141,[0.01203748]
69,2018,[0.02365558]
70,2218,[0.01361038]
71,2397,[0.04896069]
72,364,[0.00321829]
73,381,[0.02310458]
74,68,[0.00975293]
75,245,[0.05623759]
76,528,[0.00084987]
77,698,[0.0188108]
78,2427,[-0.0129754]
79,2089,[-0.00225806]
80,926,[-0.0252387]
81,1590,[0.09165607]
82,614,[0.00215544]
83,1096,[0.01219173]
84,1466,[-0.00985316]
85,778,[-0.04873024]
86,1483,[0.03984068]
87,77,[0.01415792]
88,887,[-0.07565501]
89,1633,[0.05624717]
90,1723,[0.01676956]
91,1371,[-0.02730084]
92,2328,[-0.05880931]
93,287,[0.01030573]
94,100,[-0.031317]
95,1241,[0.06635808]
96,1745,[-0.00037712]
97,1258,[0.00873116]
98,965,[0.0592942]
99,529,[0.05574894]
100,687,[-0.0072449]
101,2327,[0.02971849]
102,1549,[-0.00744225]
103,907,[0.00405879]
104,294,[0.0021771]
105,1316,[0.05391307]
106,2116,[-0.02112776]
107,1652,[-0.02510251]
108,2200,[-0.01007577]
109,401,[0.01757304]
110,1704,[0.00346739]
111,1861,[0.01048852]
112,175,[-0.02814091]
113,1584,[0.01446039]
114,2185,[-0.00967915]
115,1426,[0.01797772]
116,1601,[-0.03418493]
117,2263,[0.00070011]
118,114,[0.02576497]
119,1026,[0.09691183]
120,332,[0.05733722]
121,693,[-0.00920665]
122,999,[0.0019208]
123,536,[-0.02236615]
124,519,[-0.03503182]
125,650,[-0.01875691]
126,467,[-0.02629111]
127,1917,[-0.0017526]
128,93,[0.00949812]
129,2205,[0.00875528]
130,372,[0.07869512]
131,2008,[-0.05236925]
132,932,[0.04635506]
133,789,[0.01194141]
134,105,[-0.04466656]
135,340,[-0.05319223]
136,1878,[0.05822231]
137,796,[-0.00576506]
138,2058,[-0.00241456]
139,1655,[0.03697396]
140,1138,[-0.00312635]
141,70,[-0.00842708]
142,791,[0.03961449]
143,1733,[0.01339597]
144,676,[0.00659106]
145,2448,[-0.02858356]
146,1412,[0.04851245]
147,947,[-0.00258729]
148,2317,[0.03710525]
149,427,[0.00560228]
150,1551,[-0.03223216]
151,437,[-0.0994536]
152,365,[0.00115735]
153,2102,[0.05045083]
154,1689,[0.04083094]
155,1380,[0.02745564]
156,1107,[-0.00095586]
157,851,[-0.01656048]
158,1083,[0.00729966]
159,1432,[-0.00477256]
160,454,[0.00242524]
161,2247,[-0.10198002]
162,1467,[0.00274742]
163,2319,[0.03886168]
164,451,[0.00340914]
165,64,[-0.01209295]
166,2104,[-0.02654132]
167,1184,[-0.00316038]
168,2257,[0.01496024]
169,1228,[0.01053688]
170,2223,[-0.0026268]
171,1284,[0.00221909]
172,1438,[0.01111936]
173,2478,[-0.00217718]
174,2482,[-0.01693043]
175,1145,[0.03677231]
176,314,[0.00817341]
177,1789,[0.00569413]
178,1852,[0.01967936]
179,988,[-0.07473612]
180,223,[-0.00169951]
181,1185,[0.00724427]
182,2252,[-0.02663085]
183,470,[0.00834316]
184,2471,[-0.00170958]
185,2413,[-0.04718678]
186,404,[-0.01031065]
187,235,[-0.01309958]
188,2039,[0.01015453]
189,1905,[-0.04005826]
190,604,[0.00866253]
191,2357,[-0.01380619]
192,280,[-0.00821265]
193,1943,[-0.02578162]
194,805,[0.01764093]
195,25,[4.49686508e-05]
196,259,[0.00360311]
197,2307,[-0.00147085]
198,626,[-0.04353941]
199,1794,[-0.03382406]
200,2224,[-0.01996178]
201,1361,[0.06158067]
202,1863,[0.06566278]
203,433,[-0.01511114]
204,125,[-0.01587358]
205,1019,[0.0055513]
206,2374,[0.03503981]
207,2193,[-0.0914915]
208,1835,[0.01553588]
209,183,[-0.0203182]
210,2334,[0.04208821]
211,1356,[0.0010325]
212,1110,[0.03300081]
213,2392,[0.00629265]
214,551,[0.00641621]
215,2146,[0.00725009]
216,1308,[0.00095279]
217,2064,[0.01705036]
218,1292,[0.03401036]
219,52,[0.04183862]
220,362,[0.02074334]
221,918,[0.0615947]
222,1220,[-0.3722385]
223,1102,[-0.00020579]
224,888,[0.06630519]
225,111,[-0.03431966]
226,2356,[-0.04205837]
227,2417,[-0.03012578]
228,996,[-0.00773909]
229,1569,[0.01225368]
230,884,[0.00947064]
231,1886,[0.01099872]
232,1421,[0.01007992]
233,1128,[0.00763937]
234,700,[0.0904842]
235,629,[-0.03376088]
236,2297,[0.00615325]
237,1767,[0.04604216]
238,1827,[0.01268181]
239,51,[0.04296238]
240,46,[0.00256703]
241,659,[0.04702182]
242,308,[0.01925356]
243,2124,[0.01372608]
244,2231,[0.02748133]
245,1559,[-0.01860803]
246,1677,[0.05484272]
247,1955,[0.00267896]
248,1576,[0.00341745]
249,2051,[-0.01739515]
250,1579,[0.01086305]
251,560,[0.00918541]
252,2143,[0.0519882]
253,1818,[-0.03207816]
254,1390,[-0.01594073]
255,1136,[-0.05118928]
256,1001,[0.02708074]
257,1710,[-0.06579816]
258,2414,[0.0275527]
259,886,[0.00378579]
260,2429,[0.06278118]
261,1163,[0.00797356]
262,2028,[-0.01344908]
263,226,[0.01376952]
264,2048,[0.09020415]
265,1707,[-0.01258573]
266,1833,[-0.05644491]
267,2406,[0.01469586]
268,708,[0.02214143]
269,905,[-0.03111957]
270,646,[0.0039986]
271,2399,[-0.01266929]
272,1967,[0.02045095]
273,1553,[0.02114538]
274,2458,[0.01602179]
275,281,[0.00111933]
276,773,[0.01443141]
277,85,[0.0128027]
278,2050,[-0.01914559]
279,1266,[0.00212034]
280,1769,[0.01537482]
281,1353,[0.02291217]
282,1492,[-0.00280993]
283,1388,[0.01447583]
284,2002,[0.05186891]
285,1309,[0.00225821]
286,254,[0.01120729]
287,273,[-0.01099904]
288,1856,[-0.00031444]
289,410,[-0.00729667]
290,2331,[0.00255313]
291,1760,[-0.0431823]
292,655,[0.01468201]
293,1144,[0.00876649]
294,2207,[0.01679109]
295,784,[0.01171421]
296,1939,[0.00804932]
297,1263,[0.01140117]
298,2493,[-0.02666578]
299,613,[0.00272681]
300,951,[-0.01862875]
301,679,[-0.03683527]
302,142,[-0.00023358]
303,1455,[0.31821109]
304,730,[-0.0042593]
305,1803,[-0.06276511]
306,1692,[-0.00377333]
307,1616,[0.06855604]
308,2165,[0.05833935]
309,210,[9.26579126e-05]
310,1131,[0.0223191]
311,500,[0.06666879]
312,994,[0.05220391]
313,1809,[-0.01490722]
314,1094,[0.05428062]
315,1117,[0.00066417]
316,253,[0.02485649]
317,2492,[0.04909791]
318,128,[0.01988057]
319,1369,[0.01751679]
320,1161,[0.00886858]
321,1372,[0.09677539]
322,1095,[-0.02486507]
323,2111,[0.00729692]
324,2435,[0.00210464]
325,813,[0.05483656]
326,1331,[0.01317491]
327,1713,[0.05342672]
328,1751,[0.01093869]
329,2477,[0.09542912]
330,706,[0.0261764]
331,1441,[0.04152004]
332,1437,[0.06250824]
333,1851,[0.01662459]
334,719,[0.01115917]
335,803,[-0.01541307]
336,617,[0.01414924]
337,895,[0.02539458]
338,2208,[-0.00635611]
339,1256,[0.01112272]
340,1080,[-0.04312002]
341,628,[0.14456689]
342,1317,[-0.02596978]
343,1758,[0.009524]
344,1899,[-0.06750826]
345,816,[0.00259576]
346,1082,[0.01259372]
347,1544,[-0.02283218]
348,1125,[-0.01902887]
349,96,[0.00307209]
350,1056,[-0.111844]
351,1037,[0.02241979]
352,513,[-0.00826295]
353,368,[0.01705379]
354,2213,[-0.11639366]
355,864,[0.02642047]
356,2006,[0.02938301]
357,350,[0.0321612]
358,673,[0.03607092]
359,1554,[0.00672499]
360,1793,[0.05595681]
361,35,[-0.01234905]
362,1865,[-0.01737443]
363,200,[-0.00055083]
364,2088,[0.02167475]
365,953,[0.01165985]
366,409,[0.01739055]
367,168,[-0.00439393]
368,1670,[-0.00979212]
369,521,[0.02476187]
370,511,[0.00235287]
371,2345,[0.00712886]
372,1715,[0.00367228]
373,1910,[-0.01468922]
374,913,[0.01405585]
375,2194,[-0.00713238]
376,2168,[-0.00387065]
377,690,[0.00525732]
378,15,[-0.03028817]
379,1469,[0.03375955]
380,1746,[-0.04406013]
381,946,[-0.0179691]
382,2306,[0.01431915]
383,2112,[0.03367087]
384,191,[-0.0086343]
385,2340,[0.03668783]
386,7,[0.02043938]
387,904,[0.02108643]
388,456,[-0.01695452]
389,2469,[-0.00828849]
390,1260,[-0.04736694]
391,544,[-0.00611578]
392,1683,[0.02978602]
393,1722,[-0.03296848]
394,319,[-0.0047709]
395,826,[0.0016614]
396,17,[0.0004542]
397,979,[0.03064274]
398,1591,[-0.01076932]
399,710,[0.00056488]
400,1738,[-0.00924176]
401,1479,[0.01719718]
402,1512,[0.01503749]
403,1542,[0.01295851]
404,1946,[0.01087085]
405,1465,[0.0141047]
406,162,[0.03481381]
407,1974,[-0.00235721]
408,1367,[-0.03839801]
409,1599,[0.06157757]
410,734,[0.00212813]
411,130,[-0.13940545]
412,843,[0.05101365]
413,902,[0.02491809]
414,2027,[0.00951013]
415,1355,[0.05238334]
416,178,[0.01459612]
417,669,[-0.07089681]
418,1642,[-0.00523945]
419,874,[-0.10997743]
420,2099,[-0.01674853]
421,131,[0.01412333]
422,1971,[-0.08021705]
423,1771,[0.06472722]
424,22,[-0.0114845]
425,1873,[0.02645485]
426,2390,[-0.00956132]
427,1297,[0.04049482]
428,420,[0.01056457]
429,251,[-0.01512855]
430,1485,[-0.02687448]
431,1132,[0.0260391]
432,157,[0.01434274]
433,2422,[-0.03310337]
434,609,[0.01122713]
435,301,[-0.07900979]
436,736,[0.10091261]
437,2451,[0.01954141]
438,1780,[-0.0054359]
439,807,[0.01473754]
440,1114,[0.01553118]
441,1382,[-0.03087805]
442,2097,[-0.01402961]
443,2391,[-0.00490864]
444,1391,[-0.00383604]
445,624,[0.04099649]
446,39,[-0.10788167]
447,2182,[-0.01360886]
448,1229,[0.01753286]
449,1951,[0.06718372]
450,1106,[-0.00533723]
451,1808,[0.01541617]
452,737,[0.01334688]
453,1934,[-0.01858118]
454,239,[0.0213992]
455,1669,[0.07799426]
456,345,[0.06049464]
457,2377,[0.00413981]
458,335,[0.01493062]
459,1954,[0.00847792]
460,783,[-0.0080243]
461,2240,[-0.02679593]
462,2038,[-0.00029634]
463,414,[-0.0086361]
464,146,[0.02225724]
465,1222,[-0.0295394]
466,2258,[0.02320663]
467,2087,[0.01714605]
468,2114,[0.00876246]
469,2461,[0.00827608]
470,2180,[0.02175236]
471,1003,[0.02672937]
472,1463,[0.00824964]
473,1695,[-0.00792198]
474,588,[0.01577886]
475,1291,[0.03142226]
476,1857,[-0.03866744]
477,759,[0.02225877]
478,1784,[0.03217821]
479,334,[-0.00146695]
480,311,[0.0106108]
481,556,[0.0206477]
482,1135,[-0.00242184]
483,1017,[0.05362737]
484,1772,[0.00935958]
485,231,[-0.11920726]
486,238,[-0.03079618]
487,1656,[0.06206342]
488,425,[-0.00035082]
489,2353,[0.01988054]
490,509,[-0.00395372]
491,2075,[-0.02012346]
492,182,[-0.00151114]
493,631,[0.00392334]
494,448,[0.0227762]
495,1612,[0.02766833]
496,616,[-0.15409017]
497,670,[0.03279716]
498,603,[-0.04964238]
499,1821,[0.02857338]
500,986,[-0.00586636]
501,2389,[-0.04242788]
502,590,[-0.01935797]
503,957,[0.00371695]
504,504,[-0.07514531]
505,812,[0.03199183]
506,1133,[0.00225716]
507,799,[-0.00550543]
508,641,[0.01566984]
509,2222,[-0.05554272]
510,367,[0.02742686]
511,1202,[0.01296303]
512,305,[-0.01682042]
513,1461,[0.04708369]
514,1502,[-0.00158132]
515,751,[0.00076989]
516,592,[0.00077365]
517,2444,[0.02086098]
518,1679,[0.00519258]
519,117,[0.00591445]
520,246,[-0.01750482]
521,2346,[0.05356743]
522,711,[0.01216653]
523,2134,[-0.00865038]
524,637,[-0.0342634]
525,866,[-0.00987696]
526,2301,[0.01374627]
527,987,[-0.02556125]
528,248,[-0.13185328]
529,483,[0.00479509]
530,1213,[-0.00266006]
531,682,[0.02692992]
532,2445,[0.03857951]
533,867,[0.00810529]
534,2332,[-0.02032517]
535,1672,[-1.9291431e-05]
536,571,[-0.03487974]
537,1186,[0.01921206]
538,1978,[0.01165787]
539,1300,[0.09993969]
540,2465,[-0.0069902]
541,2078,[-0.02200457]
542,665,[-0.01722528]
543,481,[0.05647139]
544,1868,[0.01958045]
545,1932,[-0.04184338]
546,1936,[-0.00346021]
547,1320,[-0.01965971]
548,2449,[-0.0100483]
549,1928,[-0.01131115]
550,2308,[0.00250844]
551,2001,[0.04314509]
552,484,[0.04023505]
553,2152,[-0.00057966]
554,476,[-0.14546736]
555,1111,[0.11989107]
556,963,[-0.00403926]
557,1232,[-0.01364451]
558,193,[0.02364899]
559,2186,[-0.10430625]
560,927,[-0.00881373]
561,674,[0.04796232]
562,309,[-0.09492083]
563,1365,[-0.03096734]
564,583,[-0.03296524]
565,635,[0.06536186]
566,1622,[0.0186204]
567,1651,[-0.00956739]
568,1548,[-0.01547571]
569,1067,[0.05647341]
570,753,[-0.0312228]
571,1527,[-0.01743882]
572,405,[-0.02722282]
573,74,[0.01478656]
574,1961,[0.00626653]
575,1272,[-0.00173148]
576,1887,[-0.01248629]
577,567,[0.02500164]
578,2274,[0.08305556]
579,256,[0.04832411]
580,1877,[0.03350635]
581,960,[0.00618293]
582,2251,[-0.0079456]
583,374,[-0.02853562]
584,997,[0.06434471]
585,2310,[-0.02039956]
586,2161,[0.04282077]
587,1757,[-0.12355106]
588,490,[0.01805645]
589,2410,[0.04554533]
590,1730,[0.01882095]
591,562,[0.00333467]
592,1729,[-0.02895019]
593,317,[0.0280035]
594,1059,[-0.01719429]
595,1028,[0.00164329]
596,1301,[-0.01940677]
597,2003,[0.03900475]
598,2098,[0.052478]
599,29,[-0.04837449]
600,359,[-2.5039801]
601,2384,[-0.07284151]
602,654,[-0.02684422]
603,1957,[0.06535752]
604,134,[0.03260282]
605,394,[-0.00161213]
606,54,[0.02172618]
607,1476,[0.00214644]
608,863,[0.02741742]
609,2382,[-0.01422293]
610,968,[0.08306578]
611,1378,[0.04516564]
612,1914,[-0.01595556]
613,712,[0.00871073]
614,2459,[-0.03071392]
615,27,[0.00045668]
616,2441,[0.00642805]
617,691,[-0.04083027]
618,934,[0.00341913]
619,1252,[0.0174817]
620,1070,[0.0126542]
621,1447,[0.04154513]
622,1018,[0.02171972]
623,385,[-0.07169908]
624,1330,[-0.00674288]
625,1634,[-0.02959832]
626,755,[0.01408862]
627,277,[0.09767353]
628,65,[-0.00614985]
629,1065,[-0.06773658]
630,1151,[-0.01501537]
631,307,[0.00318566]
632,187,[-0.00092412]
633,1042,[0.01010026]
634,862,[-0.03348068]
635,1195,[0.04817614]
636,2401,[0.01102254]
637,2420,[0.07306115]
638,760,[0.01865076]
639,2136,[0.18288714]
640,684,[0.01567607]
641,132,[-0.00905418]
642,1201,[0.00784684]
643,1714,[0.0158834]
644,229,[-0.03224583]
645,1933,[-0.00019308]
646,2409,[-0.11274345]
647,413,[0.00460323]
648,1410,[0.08040433]
649,602,[0.04462344]
650,194,[-0.00763059]
651,889,[-0.01869244]
652,1705,[-0.00055834]
653,1779,[0.04407315]
654,2452,[0.02232812]
655,1148,[0.00853057]
656,140,[0.0118706]
657,1754,[0.00790371]
658,1482,[-0.31957004]
659,152,[0.02579645]
660,220,[0.02667803]
661,2316,[-0.02599724]
662,1164,[0.00066822]
663,861,[-0.07518522]
664,2367,[-0.05895479]
665,1387,[0.01394207]
666,1246,[-0.06198808]
667,459,[0.03654522]
668,883,[-0.00107793]
669,1937,[0.01251677]
670,1178,[-0.01558089]
671,2062,[-0.02198442]
672,2220,[-0.01579216]
673,606,[0.00746879]
674,1613,[0.02973475]
675,2309,[0.01825206]
676,115,[0.00284672]
677,386,[-0.02756416]
678,185,[0.0491011]
679,323,[0.01411927]
680,1519,[0.10889052]
681,167,[0.06061615]
682,1319,[-0.0101746]
683,1787,[-0.01026248]
684,2157,[0.00772275]
685,2069,[0.02450529]
686,475,[-0.01706803]
687,2106,[-0.07670847]
688,2244,[-0.01183956]
689,1444,[-0.01731814]
690,1157,[-0.00253725]
691,922,[-0.01463133]
692,499,[-0.01418939]
693,83,[-0.01219579]
694,597,[0.058878]
695,2090,[0.01408483]
696,1600,[-0.01076901]
697,1883,[0.02453538]
698,1142,[0.03509952]
699,1097,[-0.11041306]
700,1718,[-0.00290901]
701,2486,[-0.0964416]
702,283,[0.06806489]
703,170,[-0.00559881]
704,642,[0.06885579]
705,403,[-0.00411635]
706,1979,[-0.00803676]
707,2054,[0.01324229]
708,2443,[-0.04327365]
709,1996,[-0.0077194]
710,935,[0.00781198]
711,795,[-0.01055535]
712,2262,[0.00594191]
713,2411,[0.00320233]
714,1985,[0.05168788]
715,1435,[0.02378206]
716,2191,[0.07927948]
717,850,[0.03324458]
718,1940,[0.00434047]
719,2203,[0.00423266]
720,601,[-0.0207039]
721,2383,[0.05272421]
722,1609,[-0.02602483]
723,1349,[0.01113672]
724,1956,[-0.02339611]
725,811,[0.00786539]
726,149,[0.01429185]
727,1088,[-0.00726927]
728,2318,[-0.04449077]
729,776,[-0.1290132]
730,1416,[0.00392657]
731,2016,[-0.00177023]
732,728,[-0.04383]
733,1564,[-0.02486883]
734,580,[-0.00620737]
735,1468,[-0.0117233]
736,395,[-0.01022654]
737,2405,[0.02147811]
738,798,[0.03022143]
739,1168,[-0.00049295]
740,112,[0.0065071]
741,1022,[-0.00419682]
742,1011,[-0.00718984]
743,97,[-0.01446446]
744,1205,[-0.01076136]
745,1323,[-0.06453461]
746,1615,[-0.06562023]
747,1853,[0.01427558]
748,1124,[0.03788441]
749,501,[0.03049572]
750,2355,[0.00212713]
751,2387,[-0.04779001]
752,258,[0.00932209]
753,715,[0.01694138]
754,785,[-0.01365654]
755,2421,[-0.06252326]
756,1854,[0.01017112]
757,550,[0.02561496]
758,555,[-0.07265875]
759,2151,[0.09353926]
760,1329,[-0.04767299]
761,1262,[-0.03038443]
762,872,[-0.03149028]
763,1508,[-0.00166423]
764,1685,[0.0564142]
765,76,[-0.0230745]
766,2396,[0.06605787]
767,1895,[-0.0099389]
768,1336,[0.04252506]
769,1089,[0.01696157]
770,925,[-0.00783362]
771,2035,[-0.02991179]
772,991,[0.05128691]
773,1595,[-0.02855907]
774,1341,[0.0211163]
775,1849,[-0.00264224]
776,181,[-0.00196423]
777,84,[-0.03432037]
778,1547,[0.00522432]
779,923,[0.04699781]
780,2341,[-0.00779779]
781,1225,[0.01909804]
782,278,[-0.05082648]
783,1025,[0.07591416]
784,1503,[0.00515035]
785,1747,[-0.00681258]
786,599,[-0.15388319]
787,116,[-0.00059547]
788,222,[-0.03145407]
789,267,[0.03217204]
790,1350,[0.08812812]
791,709,[0.0119252]
792,607,[-0.00010045]
793,469,[-0.03324326]
794,1233,[-0.0790156]
795,1506,[-0.00632957]
796,989,[0.01173816]
797,769,[0.00953177]
798,2063,[0.01449943]
799,2416,[0.00622274]
800,2321,[-0.05668796]
801,1015,[0.02743171]
802,838,[-0.0071144]
803,1181,[-0.0224544]
804,1104,[0.02939438]
805,2021,[-0.01447589]
806,1975,[-0.0102185]
807,1299,[-0.00907469]
808,775,[-0.10053579]
809,2049,[-0.08752246]
810,1980,[-0.01480029]
811,2294,[-0.03332787]
812,2228,[0.04062951]
813,2076,[-0.00785424]
814,1667,[-0.09143702]
815,899,[-0.03237549]
816,1536,[0.00912452]
817,2248,[0.01239925]
818,2378,[0.07174902]
819,1994,[0.00036331]
820,195,[0.03468459]
821,1314,[0.00098324]
822,875,[-0.00195827]
823,530,[-0.00580464]
824,1806,[-0.00456725]
825,2295,[-0.10602753]
826,192,[-0.0197737]
827,165,[-0.00722465]
828,141,[6.95827497e-05]
829,1433,[-0.00666765]
830,1420,[0.04678727]
831,576,[0.0334283]
832,1665,[0.0087106]
833,1422,[-0.04285383]
834,1193,[-0.03945974]
835,447,[0.02079692]
836,1783,[0.08371506]
837,324,[0.02501948]
838,2225,[0.00516127]
839,1340,[-0.00090748]
840,102,[-0.10109636]
841,224,[-0.0211778]
842,1261,[-0.01165386]
843,1290,[0.00036779]
844,834,[-0.09368431]
845,472,[-0.08830272]
846,1040,[0.01030333]
847,2201,[0.33259516]
848,720,[0.02262101]
849,1182,[-0.00587934]
850,1000,[-0.004227]
851,2487,[0.0221348]
852,1264,[-0.07630893]
853,1115,[-0.02745708]
854,208,[-0.00071863]
855,920,[0.03840756]
856,1661,[0.0276721]
857,1770,[-0.01548454]
858,81,[-0.1283309]
859,1457,[0.01785216]
860,236,[-0.0319852]
861,1471,[-0.00573429]
862,1919,[0.03270226]
863,1872,[0.02141326]
864,498,[-0.01336311]
865,557,[0.01488383]
866,1206,[0.00846894]
867,806,[-0.00356043]
868,1342,[0.01382762]
869,244,[0.02753978]
870,333,[-0.00231053]
871,605,[0.04337628]
872,1034,[0.01847957]
873,32,[0.02118808]
874,1098,[0.02158021]
875,1654,[-0.03187697]
876,2206,[0.00741049]
877,1295,[-0.00461426]
878,1945,[0.03877575]
879,1845,[-0.08477379]
880,1248,[-0.06612999]
881,1197,[0.00698254]
882,2173,[-0.0429858]
883,1075,[-2.12119189e-05]
884,1121,[0.03232763]
885,26,[0.01848927]
886,971,[0.01175808]
887,1647,[-0.00818354]
888,462,[0.00055348]
889,581,[-0.02229945]
890,2000,[0.003688]
891,1646,[-0.05809489]
892,2163,[0.00691239]
893,2198,[0.03149753]
894,1046,[-0.03715638]
895,1373,[0.00413311]
896,1537,[-0.02134098]
897,1515,[-0.05684446]
898,541,[-0.04269929]
899,561,[0.02302567]
900,1923,[0.00935946]
901,1013,[-0.07026418]
902,956,[-0.00823696]
903,591,[-0.01430691]
904,1580,[0.00415944]
905,2280,[-0.00630658]
906,832,[-0.0016485]
907,1418,[0.00751363]
908,120,[0.0109874]
909,2042,[0.08641633]
910,177,[0.0355531]
911,948,[-0.8629519]
912,938,[-0.06731643]
913,2439,[-0.01339897]
914,1427,[0.01186045]
915,896,[0.04173071]
916,2125,[-0.01256916]
917,906,[-0.00462601]
918,1084,[0.01313566]
919,2402,[0.03051977]
920,1,[-0.01956487]
921,586,[0.02934406]
922,2013,[-0.03086704]
923,714,[0.00465238]
924,1339,[0.10656617]
925,1286,[-0.03328474]
926,2232,[-0.05196146]
927,2283,[-0.07102]
928,1532,[0.01033524]
929,552,[-0.06208256]
930,57,[-0.01322435]
931,1156,[0.00144872]
932,1726,[0.05909828]
933,506,[0.02943642]
934,313,[0.13874886]
935,596,[0.01784953]
936,894,[0.00446408]
937,535,[0.02267801]
938,2424,[-0.00963752]
939,943,[0.00673687]
940,656,[0.05800556]
941,2360,[-0.00126798]
942,225,[0.00644122]
943,554,[-0.00889276]
944,477,[0.00687002]
945,533,[-0.03299273]
946,1006,[-0.00785441]
947,80,[0.02131891]
948,2333,[0.01023675]
949,1057,[-0.0156321]
950,2241,[-0.02835003]
951,2437,[0.018483]
952,2260,[-0.05408361]
953,1027,[-0.00185466]
954,1528,[0.00618261]
955,1800,[-0.01637837]
956,2148,[-0.00083206]
957,1211,[-0.01328012]
958,1452,[0.0118727]
959,802,[-0.03202396]
960,2085,[0.02477013]
961,2462,[0.01007671]
962,468,[0.02146342]
963,538,[0.05815295]
964,1870,[0.003946]
965,1044,[-0.02494949]
966,729,[-0.03161242]
967,1251,[0.00809128]
968,756,[0.06234868]
969,1393,[0.01721008]
970,1550,[-0.01459285]
971,1950,[-0.00556894]
972,382,[0.02732256]
973,1360,[0.01910326]
974,1332,[-0.00331733]
975,166,[0.0421665]
976,1055,[-0.01412837]
977,600,[-0.01004662]
978,933,[0.07326214]
979,2160,[-0.01145242]
980,2177,[-0.12937934]
981,2265,[-2.77024055]
982,1274,[0.01514572]
983,1214,[0.00221293]
984,227,[-0.00665354]
985,539,[0.00538454]
986,1338,[-0.01819446]
987,2024,[0.03926551]
988,921,[-0.00102337]
989,1442,[0.02407357]
990,1189,[0.00221373]
991,542,[-0.00910674]
992,1139,[0.09580164]
993,91,[0.01199273]
994,1752,[0.061279]
995,264,[0.01604897]
996,1973,[-0.00643895]
997,2272,[0.06296362]
998,1513,[0.00365311]
999,587,[0.00709921]
1000,735,[0.00246414]
1001,393,[0.00754453]
1002,2122,[0.04050508]
1003,257,[0.00346895]
1004,1288,[-0.00281526]
1005,2335,[-0.08042012]
1006,2011,[0.01442017]
1007,1170,[-0.01196762]
1008,910,[0.13436499]
1009,2094,[0.01315242]
1010,471,[0.0262737]
1011,2358,[0.03670419]
1012,202,[0.0649964]
1013,619,[0.09386227]
1014,893,[-0.04540147]
1015,1571,[-0.00205221]
1016,1904,[-0.01396026]
1017,1509,[0.01424745]
1018,955,[0.00066895]
1019,1396,[-0.03054475]
1020,217,[0.04254933]
1021,1254,[-0.01607027]
1022,822,[-0.00296576]
1023,2254,[-0.04793549]
1024,752,[0.01458128]
1025,648,[0.02784472]
1026,1675,[-0.01518656]
1027,2120,[-0.00044965]
1028,1922,[0.03039132]
1029,2234,[-0.0065068]
1030,1756,[-0.05908885]
1031,1012,[0.00037125]
1032,1660,[-0.02609234]
1033,73,[0.03908727]
1034,828,[-0.06279821]
1035,2132,[0.0186649]
1036,928,[-0.03214759]
1037,24,[0.00738098]
1038,1196,[0.06649506]
1039,2286,[-0.02021457]
1040,2103,[0.00685778]
1041,1717,[5.46423583e-05]
1042,800,[0.00594053]
1043,1357,[0.05049046]
1044,119,[-0.00345048]
1045,1328,[0.03927366]
1046,206,[-0.02268949]
1047,219,[0.00292145]
1048,1255,[-0.01546306]
1049,174,[0.05912975]
1050,1167,[-0.03583048]
1051,243,[0.01324145]
1052,2292,[-0.01871796]
1053,969,[-0.04134554]
1054,321,[-0.00011184]
1055,2320,[-0.00138171]
1056,1304,[0.00603524]
1057,188,[-0.01838988]
1058,1048,[0.01618269]
1059,1315,[-0.15028958]
1060,598,[0.03051427]
1061,1674,[0.01478495]
1062,2046,[-0.0142659]
1063,298,[-0.2255616]
1064,1931,[0.01565326]
1065,1648,[0.01776903]
1066,2025,[-0.0110924]
1067,1518,[-0.03342942]
1068,1958,[0.03418642]
1069,1153,[-0.01915134]
1070,954,[0.00911118]
1071,2215,[0.01500938]
1072,1855,[0.00286421]
1073,2430,[-0.00421336]
1074,697,[-0.0590471]
1075,579,[0.05146792]
1076,1902,[-0.00912827]
1077,282,[0.00968096]
1078,2184,[-0.01220701]
1079,1525,[0.08405525]
1080,1137,[0.01281533]
1081,1385,[0.04201556]
1082,1681,[0.00284096]
1083,2113,[0.03791459]
1084,2020,[0.02191482]
1085,378,[-0.00792881]
1086,1555,[0.00331368]
1087,1901,[-0.02959201]
1088,49,[-0.01311226]
1089,2139,[0.0088612]
1090,495,[-0.05306996]
1091,1799,[0.00190894]
1092,1359,[0.02751819]
1093,1402,[-0.04047013]
1094,1404,[-0.04823223]
1095,699,[0.10667582]
1096,327,[-0.00493303]
1097,1627,[0.06571464]
1098,900,[0.0061876]
1099,640,[-0.02142713]
1100,2237,[-0.00115079]
1101,371,[0.04458314]
1102,2330,[0.07921736]
1103,748,[-0.00649586]
1104,2007,[-0.0105777]
1105,1836,[-0.0038936]
1106,2127,[-0.07488661]
1107,124,[-0.00582599]
1108,1477,[-0.01393963]
1109,1312,[0.00512853]
1110,215,[-0.00286751]
1111,376,[-0.00075512]
1112,2179,[-0.01832035]
1113,402,[0.03377048]
1114,2488,[0.01964279]
1115,1565,[0.03390922]
1116,1230,[-0.01302793]
1117,2329,[-0.02924039]
1118,745,[0.00650578]
1119,71,[-0.05074723]
1120,1058,[0.00278655]
1121,455,[0.18167415]
1122,647,[0.0551861]
1123,1825,[-0.03206035]
1124,1347,[0.04758034]
1125,207,[-0.04159172]
1126,1607,[-0.00802265]
1127,2065,[0.02770113]
1128,788,[0.01175032]
1129,1731,[0.02959924]
1130,1105,[0.05310404]
1131,515,[-0.06594596]
1132,2485,[-0.0093312]
1133,2491,[-0.04044383]
1134,1538,[-0.00401883]
1135,1192,[0.00391639]
1136,2480,[-0.0059241]
1137,520,[-0.00710425]
1138,1925,[-0.01733678]
1139,1684,[-0.03800913]
1140,727,[-0.03228398]
1141,639,[-0.03347204]
1142,2246,[-0.0230614]
1143,563,[0.00730629]
1144,983,[0.00512626]
1145,145,[0.02510188]
1146,903,[0.07933764]
1147,2170,[-0.02499588]
1148,869,[0.00950519]
1149,2005,[0.00303165]
1150,1014,[-0.00527564]
1151,147,[-0.02835556]
1152,163,[-0.04917207]
1153,1118,[0.01339565]
1154,1882,[-0.00805092]
1155,853,[-0.00398685]
1156,2277,[-0.01723735]
1157,2457,[0.00660524]
1158,464,[0.02112178]
1159,205,[0.06967526]
1160,841,[0.03951784]
1161,2066,[-0.05388867]
1162,1816,[-0.02823406]
1163,1489,[0.00497601]
1164,634,[-0.04011467]
1165,1880,[0.01519334]
1166,1908,[0.00092365]
1167,8,[0.01735923]
1168,1938,[0.0307958]
1169,286,[-0.0014981]
1170,2187,[0.0195706]
1171,1190,[0.0065932]
1172,1143,[0.01816748]
1173,2040,[-0.0069953]
1174,328,[0.03844644]
1175,820,[-0.00957114]
1176,2322,[-0.05875425]
1177,982,[0.00057917]
1178,107,[-0.02774711]
1179,1545,[-0.00701305]
1180,1628,[0.07118776]
1181,2142,[0.03519545]
1182,1998,[0.00303645]
1183,2073,[-0.01001907]
1184,1968,[0.0316359]
1185,936,[0.01768412]
1186,1711,[0.04449417]
1187,2233,[0.03191549]
1188,1824,[0.00687467]
1189,1154,[0.00206635]
1190,930,[-0.00914282]
1191,62,[-0.00133412]
1192,1176,[-0.02172007]
1193,1051,[-0.01389907]
1194,55,[-0.00488785]
1195,1200,[-0.00817086]
1196,945,[0.03629942]
1197,110,[-0.00271757]
1198,172,[0.01692765]
1199,569,[-0.04806289]
1200,1970,[0.01266098]
1201,831,[-0.02424909]
1202,885,[0.01427498]
1203,491,[0.01689509]
1204,2253,[0.00335741]
1205,636,[0.04859834]
1206,59,[0.02360667]
1207,543,[0.0308116]
1208,169,[-0.011724]
1209,672,[0.01514628]
1210,909,[0.04981845]
1211,2428,[-0.03107494]
1212,1459,[-0.01933403]
1213,2079,[0.01274916]
1214,1782,[-0.06640171]
1215,444,[-0.01532365]
1216,2395,[0.00656334]
1217,1405,[0.06037388]
1218,974,[-0.09334567]
1219,86,[0.10736012]
1220,1160,[-0.03569447]
1221,1585,[0.0359276]
1222,595,[-0.00292147]
1223,976,[0.04911965]
1224,1109,[0.00722576]
1225,890,[-0.03450988]
1226,1620,[-0.01716835]
1227,416,[-0.07284099]
1228,1419,[0.00196591]
1229,428,[0.00817139]
1230,318,[-0.00369791]
1231,1680,[-0.08041593]
1232,196,[0.01350924]
1233,2080,[0.0757162]
1234,2032,[0.00027938]
1235,507,[0.00139044]
1236,1210,[0.00351047]
1237,2489,[-0.0196491]
1238,2004,[0.01916465]
1239,1888,[-0.00109284]
1240,1069,[-0.04017962]
1241,1245,[-0.02398954]
1242,316,[0.01962252]
1243,1805,[-0.00447175]
1244,1269,[-0.03217299]
1245,488,[-0.02004398]
1246,1959,[-0.00410476]
1247,897,[-0.00089204]
1248,1009,[-0.00176439]
1249,2197,[-0.00977839]
1250,1786,[0.00441155]
1251,1785,[0.00309531]
1252,1322,[-0.06461089]
1253,1031,[-0.01737998]
1254,1897,[0.]
1255,2293,[0.04927816]
1256,300,[-0.12022894]
1257,1830,[0.]
1258,1275,[0.02185303]
1259,1460,[-0.01357171]
1260,1709,[0.0135337]
1261,2012,[-0.00629727]
1262,2255,[-0.04857954]
1263,564,[0.0251544]
1264,980,[0.01060167]
1265,1108,[0.01605418]
1266,1724,[0.0125521]
1267,2499,[0.07770013]
1268,1081,[0.08119599]
1269,1636,[0.11300956]
1270,944,[0.00651851]
1271,2242,[0.02260772]
1272,2495,[0.00880174]
1273,1293,[0.01863429]
1274,2034,[-0.000794]
1275,1531,[-0.01274594]
1276,1671,[0.03583236]
1277,662,[0.01323486]
1278,2017,[0.05371941]
1279,443,[0.00985219]
1280,1234,[-0.04273439]
1281,1140,[0.18396594]
1282,801,[-0.04713715]
1283,995,[-0.01111844]
1284,688,[0.1076963]
1285,858,[-0.02612138]
1286,818,[0.05766776]
1287,173,[0.10636596]
1288,517,[0.00288163]
1289,325,[0.01459739]
1290,1963,[0.02622254]
1291,1415,[-0.00595499]
1292,763,[0.04452929]
1293,1632,[0.00364821]
1294,2189,[0.00693884]
1295,41,[0.04009216]
1296,1187,[0.01289514]
1297,1637,[0.01472166]
1298,984,[-0.02278476]
1299,825,[0.03513556]
1300,2291,[0.00716062]
1301,1986,[-0.03457944]
1302,1120,[-0.01386625]
1303,1719,[-0.0222382]
1304,199,[0.03548522]
1305,1903,[-0.08050027]
1306,703,[-0.00915507]
1307,782,[-0.02213377]
1308,1113,[-0.01824605]
1309,1062,[-0.01497245]
1310,138,[-0.07407076]
1311,1822,[-0.00726685]
1312,160,[0.0112265]
1313,1796,[-0.0115147]
1314,2137,[0.00392454]
1315,2107,[0.01857031]
1316,1773,[-0.00611251]
1317,1997,[0.01561443]
1318,1781,[-0.00608704]
1319,1790,[0.01691954]
1320,2015,[0.00492837]
1321,2431,[-0.0193898]
1322,1045,[0.01626719]
1323,2298,[-0.00378545]
1324,1392,[0.00364754]
1325,819,[-0.01322509]
1326,2033,[-0.00322045]
1327,12,[0.13794076]
1328,2181,[0.14107259]
1329,21,[0.04484886]
1330,445,[-0.00536915]
1331,2376,[0.01410532]
1332,1875,[-0.01339122]
1333,2275,[0.03315645]
1334,1742,[0.00375623]
1335,1374,[0.00059441]
1336,726,[0.02843658]
1337,482,[0.02903221]
1338,1321,[-0.00895455]
1339,1333,[0.05016744]
1340,1862,[0.01736824]
1341,53,[0.00853507]
1342,1909,[-0.04002822]
1343,179,[0.01137127]
1344,742,[0.01136708]
1345,1976,[0.01535622]
1346,232,[0.01818253]
1347,1953,[-0.01479531]
1348,2101,[0.00511041]
1349,1593,[-0.02230762]
1350,19,[0.00480005]
1351,1744,[-0.06774538]
1352,1002,[0.01388697]
1353,1007,[-0.01615504]
1354,1611,[0.02883495]
1355,892,[-0.00537211]
1356,779,[-0.00995368]
1357,1988,[0.06846827]
1358,1602,[-0.03191998]
1359,1366,[0.02754311]
1360,2303,[-0.02069203]
1361,1417,[0.01818207]
1362,1698,[0.01837356]
1363,1282,[0.03627606]
1364,1792,[-0.02431311]
1365,859,[0.02778585]
1366,2156,[0.03871574]
1367,1643,[-0.01182111]
1368,72,[0.10959007]
1369,1640,[-0.01098275]
1370,434,[-0.01746225]
1371,830,[0.00616807]
1372,1869,[0.0161846]
1373,1755,[0.02746797]
1374,247,[0.02573349]
1375,2109,[0.003557]
1376,1577,[-0.03674495]
1377,135,[0.00225327]
1378,652,[-0.00723314]
1379,651,[0.06536488]
1380,242,[0.02010185]
1381,1896,[0.03601835]
1382,1155,[0.03887888]
1383,1797,[0.01165641]
1384,2446,[-0.02735234]
1385,1024,[0.00647507]
1386,276,[-0.00099179]
1387,724,[-0.03803206]
1388,2266,[-0.03344432]
1389,2423,[0.04826461]
1390,383,[-0.02417662]
1391,2363,[0.00151828]
1392,392,[-0.00319432]
1393,810,[0.00054003]
1394,915,[-0.00703324]
1395,1526,[-0.00885016]
1396,40,[0.01804152]
1397,1354,[0.02086427]
1398,1403,[0.01994371]
1399,2115,[0.03048941]
1400,1041,[-0.00679562]
1401,1962,[0.00781467]
1402,1700,[0.16588804]
1403,2468,[-0.02179738]
1404,1876,[-0.03776833]
1405,139,[0.0140949]
1406,493,[-0.02797542]
1407,1867,[0.04058014]
1408,1743,[-0.07160422]
1409,1494,[0.01622832]
1410,1511,[0.03105739]
1411,1363,[0.01911708]
1412,1517,[0.01731178]
1413,1706,[-0.02185899]
1414,1837,[-0.03506059]
1415,2144,[-0.0191163]
1416,2379,[0.04011571]
1417,1207,[0.00710807]
1418,860,[0.00356949]
1419,2339,[-0.0652533]
1420,1285,[0.03913105]
1421,1430,[0.02466897]
1422,2190,[0.00421442]
1423,1406,[-0.0297555]
1424,2140,[0.02336318]
1425,1596,[-0.02898893]
1426,2153,[0.04242999]
1427,285,[-0.01979677]
1428,461,[0.00377824]
1429,692,[0.01143373]
1430,369,[-0.04226899]
1431,809,[0.02616251]
1432,929,[0.01157219]
1433,1169,[-0.00158579]
1434,234,[-0.01039633]
1435,465,[-0.00650534]
1436,1086,[-0.01372025]
1437,705,[-0.02261533]
1438,1989,[0.00500379]
1439,457,[0.00178573]
1440,671,[-0.05105218]
1441,716,[-0.0083073]
1442,1495,[0.00889226]
1443,1166,[0.00868011]
1444,2270,[-0.00790738]
1445,274,[0.02371175]
1446,891,[0.00862457]
1447,2083,[-0.00121735]
1448,453,[-0.03032717]
1449,370,[-0.00527543]
1450,2086,[0.022763]
1451,723,[0.10676948]
1452,279,[0.03508744]
1453,30,[-0.05339053]
1454,804,[-0.05312909]
1455,1324,[0.18855365]
1456,702,[0.04781371]
1457,1884,[0.01174592]
1458,442,[-0.03371393]
1459,1296,[0.00931998]
1460,657,[-0.00554554]
1461,522,[-0.00541657]
1462,153,[0.01189742]
1463,1763,[0.02365029]
1464,559,[-0.01506122]
1465,1504,[-0.24546507]
1466,1101,[-0.01769753]
1467,1608,[0.0337198]
1468,61,[-0.02678003]
1469,1219,[-0.00209091]
1470,1033,[-0.02367902]
1471,1174,[0.03356242]
1472,2497,[0.02955848]
1473,1008,[0.0241067]
1474,2456,[0.00177683]
1475,1969,[0.00723288]
1476,565,[-0.05619236]
1477,1147,[-0.05852567]
1478,1912,[0.00495515]
1479,337,[-0.00024158]
1480,840,[-0.0358865]
1481,423,[0.00740499]
1482,2442,[-0.00985785]
1483,2209,[-0.01017727]
1484,1204,[0.01268237]
1485,1093,[2.74432963e-06]
1486,159,[-0.00449865]
1487,435,[0.08034831]
1488,844,[-0.0154575]
1489,266,[0.08579927]
1490,2178,[-0.02613114]
1491,1589,[-0.03660162]
1492,189,[-0.01873506]
1493,1052,[-0.02528011]
1494,197,[0.01890516]
1495,2288,[0.01078427]
1496,460,[0.00346047]
1497,2500,[-0.00667071]
1498,1325,[-0.06513891]
1499,329,[0.0212168]
1500,1395,[-0.03105718]
1501,310,[0.01351036]
1502,1981,[-0.00257713]
1503,2380,[0.05183489]
1504,1960,[0.02401271]
1505,297,[0.09622487]
1506,2368,[0.01241562]
1507,1498,[0.01070277]
1508,1401,[0.00785938]
1509,249,[0.01310911]
1510,2470,[0.01382351]
1511,2068,[-0.00029506]
1512,1267,[0.00042454]
1513,272,[-0.08832224]
1514,213,[0.0466833]
1515,2133,[-0.02212043]
1516,408,[0.01696665]
1517,1639,[0.03869211]
1518,1379,[0.03890941]
1519,1983,[-0.07498854]
1520,419,[-0.06539688]
1521,2219,[-0.07486656]
1522,390,[-0.00353691]
1523,937,[0.03754369]
1524,228,[-0.00306938]
1525,1358,[-0.03876288]
1526,1158,[-0.01496055]
1527,879,[-0.04854187]
1528,198,[0.05043808]
1529,421,[0.00291034]
1530,1765,[-0.13365325]
1531,1826,[-0.01982461]
1532,1268,[-0.0175842]
1533,981,[0.03656706]
1534,1701,[0.06451112]
1535,2217,[-0.02934896]
1536,1952,[0.03015155]
1537,1949,[-0.00553795]
1538,1030,[0.00886781]
1539,44,[0.02419704]
1540,473,[-0.01183897]
1541,1688,[0.02872461]
1542,741,[0.01735515]
1543,2249,[0.53936112]
1544,20,[0.00480881]
1545,2455,[0.00436749]
1546,58,[0.01504036]
1547,2155,[-0.01392862]
1548,82,[-0.01262054]
1549,295,[0.0209361]
1550,1244,[-0.04068014]
1551,1991,[0.00124841]
1552,1664,[-0.03249531]
1553,1250,[0.02256917]
1554,1311,[0.04500898]
1555,355,[0.11731437]
1556,2290,[-0.02326455]
1557,873,[0.07754487]
1558,694,[-0.00883217]
1559,566,[0.00350434]
1560,290,[-0.00549873]
1561,1890,[-0.10555751]
1562,2285,[0.03082295]
1563,1491,[0.01552493]
1564,1510,[0.02109268]
1565,1038,[-0.0026356]
1566,777,[0.00767955]
1567,611,[0.03853123]
1568,774,[0.07059997]
1569,2245,[0.01721918]
1570,523,[0.02463114]
1571,2393,[-0.00200708]
1572,845,[0.00383]
1573,2484,[0.03586467]
1574,123,[-0.01530213]
1575,1445,[0.01845725]
1576,2419,[-0.01708327]
1577,1774,[0.09577458]
1578,1535,[-0.00772299]
1579,914,[-0.0143147]
1580,366,[-0.02099197]
1581,2304,[0.0083814]
1582,516,[-0.03452788]
1583,1079,[-0.02929262]
1584,1326,[0.05072955]
1585,1720,[0.05589975]
1586,1682,[0.05006903]
1587,1203,[-0.05576679]
1588,846,[0.02825134]
1589,1524,[0.02760969]
1590,330,[0.0154238]
1591,1004,[-0.01566418]
1592,1523,[-0.04828264]
1593,406,[-0.01995946]
1594,1129,[-0.05034461]
1595,1927,[-0.06196281]
1596,1306,[-0.01981335]
1597,589,[0.04726648]
1598,666,[0.01702033]
1599,2434,[-0.0135498]
1600,412,[0.01885113]
1601,1092,[0.03926468]
1602,911,[0.08738172]
1603,354,[0.01601894]
1604,950,[-0.00571256]
1605,1871,[0.01769018]
1606,1737,[0.01489397]
1607,1443,[0.00500003]
1608,939,[0.04886648]
1609,2415,[-0.01375964]
1610,1778,[0.01598752]
1611,1725,[-0.07124982]
1612,510,[0.00101488]
1613,942,[-0.03130421]
1614,1212,[-0.01027011]
1615,1348,[0.01078501]
1616,1990,[0.00694962]
1617,1583,[0.00233276]
1618,108,[-0.02777569]
1619,1063,[-0.01234344]
1620,767,[0.03594308]
1621,849,[0.0552024]
1622,880,[-0.07070367]
1623,1165,[-0.01301013]
1624,1834,[-0.0193573]
1625,1474,[2.5192891e-05]
1626,1068,[0.05356718]
1627,2128,[-0.07613601]
1628,2281,[0.08234008]
1629,990,[-0.04998127]
1630,5,[-0.02960249]
1631,63,[0.00043397]
1632,150,[-0.17717327]
1633,2349,[0.01394203]
1634,1020,[0.00162248]
1635,1597,[0.03123055]
1636,356,[0.01550425]
1637,2267,[0.03113684]
1638,87,[0.016949]
1639,731,[0.02279295]
1640,1662,[-0.00991869]
1641,391,[-0.09545007]
1642,2347,[0.01532091]
1643,2091,[-0.00013567]
1644,2447,[-0.02574606]
1645,2454,[0.0120616]
1646,762,[0.01778695]
1647,99,[-0.02725337]
1648,627,[0.05018184]
1649,2407,[0.0062787]
1650,69,[-0.11100471]
1651,645,[0.00992452]
1652,1766,[0.02195723]
1653,750,[-0.01634351]
1654,1091,[0.01271955]
1655,352,[0.00762622]
1656,1533,[0.01158042]
1657,2077,[0.02537652]
1658,668,[-0.00261281]
1659,1552,[0.02890812]
1660,1480,[0.0084126]
1661,2239,[0.0304344]
1662,1010,[0.00800816]
1663,2460,[-0.01222289]
1664,1610,[0.02845778]
1665,643,[0.0014496]
1666,765,[0.06536929]
1667,749,[-0.03618495]
1668,584,[-0.05577695]
1669,1948,[0.00662153]
1670,1521,[0.00147071]
1671,1061,[0.07094334]
1672,1472,[0.47955763]
1673,346,[0.09223143]
1674,1561,[0.00060789]
1675,1231,[0.01570073]
1676,1918,[-0.0051292]
1677,548,[-0.03223626]
1678,37,[-0.00819037]
1679,2467,[0.01645987]
1680,1383,[0.01732199]
1681,88,[-0.02719127]
1682,94,[-0.00817753]
1683,1134,[-0.00723085]
1684,1587,[0.00476581]
1685,489,[-0.06193368]
1686,2418,[-0.00825472]
1687,1344,[0.11570895]
1688,1183,[0.12246765]
1689,574,[0.00415935]
1690,1750,[0.01421568]
1691,1464,[0.01019633]
1692,320,[0.00699872]
1693,1829,[-0.00037418]
1694,1699,[-0.02945818]
1695,1194,[0.0131055]
1696,2475,[0.01032889]
1697,2440,[0.03446324]
1698,78,[0.01221847]
1699,1141,[0.07793477]
1700,1641,[0.01495171]
1701,2394,[-0.01525371]
1702,1149,[-0.05215079]
1703,612,[0.01459379]
1704,725,[0.03053371]
1705,36,[0.01543885]
1706,95,[0.01840078]
1707,839,[-0.02479847]
1708,1407,[0.04507294]
1709,312,[0.01398347]
1710,793,[-0.02246366]
1711,1279,[0.03510691]
1712,1462,[0.03032145]
1713,1575,[0.02128049]
1714,2300,[0.03994362]
1715,1481,[0.02075519]
1716,1795,[0.00348268]
1717,1614,[0.00554948]
1718,1439,[0.00775971]
1719,90,[0.04098963]
1720,967,[-0.0856954]
1721,126,[0.0042483]
1722,1944,[0.01651785]
1723,877,[0.01459038]
1724,411,[0.02622601]
1725,358,[-0.03829516]
1726,733,[0.03210876]
1727,678,[0.01883985]
1728,1370,[0.02123762]
1729,171,[0.06539465]
1730,1539,[-0.00955801]
1731,1179,[-0.02625433]
1732,1408,[-0.02214512]
1733,761,[0.04046213]
1734,1280,[0.0166746]
1735,1409,[0.02475158]
1736,2364,[0.00574583]
1737,1915,[-0.03947934]
1738,878,[0.01661221]
1739,653,[0.07823022]
1740,1739,[-0.01129436]
1741,1454,[0.03564012]
1742,2311,[0.01047125]
1743,518,[0.0453916]
1744,1840,[0.0206104]
1745,1653,[-0.00656184]
1746,1384,[-0.0304201]
1747,1893,[0.00303051]
1748,966,[0.02885198]
1749,1557,[-0.03549941]
1750,1257,[-0.00156121]
1751,1486,[0.00964252]
1752,2302,[0.00409322]
1753,570,[0.03548886]
1754,339,[-0.0159483]
1755,1941,[-0.00416811]
1756,823,[0.01455736]
1757,1090,[0.00427834]
1758,870,[-0.15114743]
1759,772,[0.00501407]
1760,578,[0.01526487]
1761,75,[0.03266717]
1762,1716,[-0.01861461]
1763,829,[0.06289232]
1764,2135,[-0.01214907]
1765,1270,[0.031873]
1766,1398,[-0.02395826]
1767,503,[-0.0180478]
1768,912,[0.23142665]
1769,1659,[0.02993216]
1770,60,[-0.07147833]
1771,1208,[-0.00590598]
1772,1740,[-0.05609556]
1773,2385,[-0.01713736]
1774,917,[0.10822652]
1775,211,[-0.05888582]
1776,1619,[-0.00230763]
1777,739,[-0.23065604]
1778,836,[-0.03579292]
1779,103,[-0.01007723]
1780,1529,[-0.00717667]
1781,1450,[0.00827438]
1782,781,[0.00510857]
1783,545,[-0.01758824]
1784,1832,[-0.0412522]
1785,514,[-0.01472532]
1786,418,[0.05582305]
1787,972,[-0.05411794]
1788,572,[-0.00856903]
1789,344,[-0.00130504]
1790,431,[0.00013445]
1791,1749,[0.00793122]
1792,881,[0.01009037]
1793,204,[-0.04375869]
1794,2070,[0.06844056]
1795,1343,[0.01123781]
1796,1522,[-0.06307142]
1797,2059,[0.0161477]
1798,1458,[0.00500984]
1799,1334,[0.03641444]
1800,1239,[0.14317975]
1801,1501,[-0.01216543]
1802,1368,[0.01590475]
1803,2072,[0.01944238]
1804,2056,[-0.03078007]
1805,1621,[-0.05901482]
1806,1310,[-0.00812146]
1807,1346,[0.01830953]
1808,1180,[-0.02317406]
1809,2404,[0.02579006]
1810,1762,[0.00858419]
1811,2279,[-0.00527098]
1812,547,[0.01187919]
1813,2081,[0.02401764]
1814,868,[-0.01923674]
1815,463,[-0.01196788]
1816,908,[-0.00246683]
1817,148,[0.03070636]
1818,1658,[0.0022305]
1819,1690,[0.02841836]
1820,644,[-0.00242347]
1821,2145,[-0.08661034]
1822,2023,[0.00180754]
1823,848,[0.14279737]
1824,1428,[-0.00218747]
1825,2243,[0.01083927]
1826,1029,[-0.01941942]
1827,1635,[0.00625208]
1828,2229,[0.12133816]
1829,1032,[0.06356343]
1830,824,[0.03585446]
1831,2370,[-0.0071075]
1832,18,[-0.01305939]
1833,2126,[-0.00461587]
1834,2312,[-0.00240938]
1835,970,[-0.00140415]
1836,351,[0.00325187]
1837,1663,[0.00349472]
1838,363,[0.00504997]
1839,1691,[-0.01163822]
1840,2158,[0.03480854]
1841,479,[0.02515307]
1842,1562,[0.09344633]
1843,931,[-0.06752984]
1844,1930,[0.02510153]
1845,494,[0.]
1846,2022,[-0.05888729]
1847,2061,[0.00262948]
1848,621,[0.01194202]
1849,553,[0.01332736]
1850,380,[-0.02662137]
1851,1708,[-0.02649906]
1852,1175,[-0.00535159]
1853,1497,[-0.01527567]
1854,2354,[-0.02984972]
1855,2096,[0.15242275]
1856,1573,[0.01159713]
1857,1566,[0.02466448]
1858,263,[2.16646514e-05]
1859,1216,[-0.06111897]
1860,1305,[-0.00110102]
1861,1556,[0.00577605]
1862,1687,[0.01926637]
1863,1277,[0.01724586]
1864,1514,[-0.04849437]
1865,998,[-0.00205701]
1866,209,[0.00521423]
1867,144,[-0.02987646]
1868,284,[-0.06534368]
1869,973,[0.21168459]
1870,1891,[-0.00685656]
1871,1488,[0.0488045]
1872,1993,[-0.00893695]
1873,1753,[0.00120265]
1874,375,[0.00456656]
1875,1281,[0.03481327]
1876,407,[0.00696197]
1877,1191,[-0.0004033]
1878,2273,[-0.00669674]
1879,1858,[-0.00607376]
1880,1413,[-0.01987653]
1881,608,[0.04629242]
1882,1112,[0.03323609]
1883,1440,[0.01740098]
1884,573,[-0.03267897]
1885,2043,[-0.01661126]
1886,512,[0.06623495]
1887,1586,[0.02182908]
1888,1810,[0.02078087]
1889,2259,[0.08240932]
1890,2276,[0.04175623]
1891,677,[-0.03842015]
1892,1898,[-0.00520083]
1893,127,[0.03202377]
1894,916,[0.03693038]
1895,56,[0.00437878]
1896,2348,[0.09071109]
1897,1811,[-0.12866235]
1898,1860,[-0.0285194]
1899,1318,[-0.0137046]
1900,1844,[-0.00047522]
1901,2227,[0.00032156]
1902,113,[0.01773983]
1903,1146,[0.02793554]
1904,2450,[-0.01860299]
1905,1453,[-0.00267435]
1906,2067,[-0.02436617]
1907,794,[0.07518941]
1908,2082,[-0.0039252]
1909,1879,[0.01618835]
1910,658,[-0.0571433]
1911,1889,[0.01519935]
1912,815,[-0.00518719]
1913,717,[-0.01270818]
1914,1631,[-0.01557446]
1915,1841,[0.03953924]
1916,2463,[0.0928266]
1917,2342,[-0.02011948]
1918,221,[-0.00013557]
1919,387,[0.08427707]
1920,2174,[0.00871539]
1921,2037,[-0.00389038]
1922,302,[-0.02254671]
1923,1066,[0.01118728]
1924,106,[0.01611142]
1925,594,[0.03016294]
1926,422,[-0.00497652]
1927,1303,[-0.00626734]
1928,2204,[-0.00343975]
1929,143,[-0.01244112]
1930,2162,[-0.03415332]
1931,808,[0.00035301]
1932,1496,[-0.00977864]
1933,685,[-0.02260756]
1934,1302,[0.02701679]
1935,1076,[-0.02235583]
1936,1696,[-0.03266539]
1937,1668,[0.01012586]
1938,1307,[-0.00062816]
1939,713,[0.02853941]
1940,1798,[0.02208455]
1941,1540,[-0.04557303]
1942,1150,[0.06398349]
1943,1054,[0.00584207]
1944,449,[0.03542371]
1945,941,[0.00361913]
1946,1099,[-0.03609532]
1947,466,[0.00517674]
1948,1397,[0.01069076]
1949,1777,[-0.01462871]
1950,1992,[0.0127789]
1951,269,[0.02745365]
1952,856,[0.0438377]
1953,2211,[0.00896434]
1954,1240,[0.03468476]
1955,184,[0.0132628]
1956,817,[-0.01340266]
1957,722,[-0.02595902]
1958,2183,[-0.01383516]
1959,2398,[-0.015161]
1960,31,[-0.0790019]
1961,16,[-0.03267883]
1962,1804,[0.00815012]
1963,1582,[-0.07056225]
1964,661,[-0.04345692]
1965,262,[0.00949317]
1966,2084,[0.03489321]
1967,2351,[0.0275425]
1968,1846,[-0.03252772]
1969,306,[-0.01559977]
1970,45,[-0.001415]
1971,1376,[0.00141176]
1972,582,[-0.00677078]
1973,137,[-0.07675786]
1974,275,[0.00521646]
1975,2250,[-0.0064243]
1976,1801,[0.00920734]
1977,1588,[0.00560065]
1978,42,[-0.00391162]
1979,2472,[0.04445145]
1980,486,[0.02449805]
1981,620,[-0.02452464]
1982,439,[-0.01096281]
1983,1761,[-0.00289094]
1984,1673,[-0.01862799]
1985,770,[0.00120908]
1986,2196,[-0.0137005]
1987,1448,[-0.06019513]
1988,426,[-0.00655043]
1989,79,[0.01884859]
1990,1814,[-0.00120007]
1991,2314,[-0.01521734]
1992,2453,[-0.01472483]
1993,1942,[0.01117302]
1994,2412,[0.01533436]
1995,2344,[-0.02230945]
1996,2150,[0.02147681]
1997,1520,[0.00347053]
1998,2350,[0.02057834]
1999,230,[-0.01942969]
2000,2057,[0.01820152]
2001,1217,[0.02201536]
2002,1791,[0.02283269]
2003,1253,[-0.10072062]
2004,1736,[-0.02356405]
2005,852,[0.01670594]
2006,1603,[0.04566268]
2007,1278,[0.01981913]
2008,38,[-0.04078486]
2009,1894,[0.01089601]
2010,67,[-0.01814649]
2011,1788,[-0.03597316]
2012,2108,[0.01197213]
2013,388,[-0.00446295]
2014,882,[-0.05242037]
2015,526,[0.03437338]
2016,322,[-0.02079598]
2017,1926,[-0.01643236]
2018,675,[0.01083028]
2019,1592,[0.04094435]
2020,2019,[0.0437212]
2021,707,[-0.01752392]
2022,349,[0.05888671]
2023,701,[-0.02472339]
2024,161,[0.00468275]
2025,1273,[0.0077416]
2026,1236,[-0.01345131]
2027,1630,[0.00506008]
2028,2,[0.07588775]
2029,2400,[0.00703721]
2030,2060,[-0.00028122]
2031,958,[-0.04338701]
2032,1218,[-0.02781259]
2033,780,[-0.01051788]
2034,632,[0.02936121]
2035,2053,[-0.01091208]
2036,2092,[-0.0374403]
2037,787,[-0.00291435]
2038,133,[0.01728088]
2039,430,[0.07203546]
2040,438,[0.16555946]
2041,424,[-0.01677501]
2042,1036,[0.01304883]
2043,357,[0.09897482]
2044,2425,[-0.02206117]
2045,2154,[-0.02389369]
2046,940,[0.005155]
2047,270,[0.0087501]
2048,1605,[-0.00138534]
2049,2176,[-0.00631425]
2050,1507,[0.05227553]
2051,180,[-0.04769931]
2052,1126,[0.01672843]
2053,1243,[0.05743995]
2054,993,[0.01084326]
2055,186,[-0.01859744]
2056,13,[-0.01768317]
2057,952,[-0.01906415]
2058,92,[0.04830955]
2059,964,[-0.06639358]
2060,1847,[0.01863559]
2061,190,[-0.0476853]
2062,1021,[-0.04594147]
2063,487,[-0.00065589]
2064,1049,[0.01270077]
2065,2093,[0.0005395]
2066,377,[0.00544147]
2067,118,[0.02899783]
2068,342,[-0.04895587]
2069,738,[0.00609585]
2070,758,[-0.04373749]
2071,1735,[0.00618862]
2072,397,[-0.01647036]
2073,2026,[0.08592418]
2074,1434,[0.00234693]
2075,1817,[0.0344256]
2076,1906,[0.01148441]
2077,1199,[0.01863292]
2078,2130,[0.08780017]
2079,1499,[0.01190144]
2080,1598,[0.05615563]
2081,821,[0.02331763]
2082,1920,[-0.02886916]
2083,786,[0.06793895]
2084,1436,[-0.07710309]
2085,901,[0.03761983]
2086,992,[-0.04337874]
2087,2366,[-0.00469178]
2088,857,[0.06858624]
2089,1866,[-0.00132213]
2090,4,[-0.10646067]
2091,2074,[-0.04068375]
2092,1831,[-0.00034873]
2093,9,[0.01185797]
2094,2195,[0.00502459]
2095,1881,[-0.00882093]
2096,1470,[-0.00088302]
2097,2498,[-0.00076063]
2098,746,[0.02904489]
2099,2238,[0.01391219]
2100,417,[0.01452708]
2101,1921,[-0.00455707]
2102,2171,[0.01522595]
2103,1848,[-0.05157858]
2104,360,[-0.02355577]
2105,1864,[0.0395828]
2106,2381,[0.02113977]
2107,384,[-0.02118011]
2108,1534,[0.03083497]
2109,1859,[0.00877288]
2110,2269,[0.00293927]
2111,2287,[0.0232869]
2112,2010,[0.05006636]
2113,291,[-0.0204549]
2114,1487,[0.02929237]
2115,961,[0.03549172]
2116,667,[0.02438898]
2117,1071,[0.02619169]
2118,1838,[0.02980665]
2119,790,[0.05578047]
2120,2216,[0.01053966]
2121,2490,[-0.00080242]
2122,876,[0.04664148]
2123,546,[-0.00314511]
2124,898,[-0.00014582]
2125,1431,[-0.01851024]
2126,1572,[0.02781769]
2127,241,[-0.01915058]
2128,1606,[-0.0570755]
2129,1693,[0.05852995]
2130,341,[-0.01517501]
2131,1626,[0.11699489]
2132,686,[0.02861426]
2133,1604,[0.00343758]
2134,792,[0.00645969]
2135,1449,[0.00288572]
2136,2047,[0.02991176]
2137,1411,[-0.10582716]
2138,2210,[0.17074429]
2139,233,[0.15045834]
2140,1221,[-0.02232415]
2141,2169,[-0.00830839]
2142,1209,[0.01771396]
2143,1728,[0.15992913]
2144,2029,[0.03674153]
2145,1697,[-0.00017048]
2146,1298,[0.01794727]
2147,1570,[0.00393827]
2148,1734,[-0.00669238]
2149,1657,[0.01040041]
2150,1023,[0.10453149]
2151,1473,[-0.02902644]
2152,2284,[-0.0217906]
2153,1574,[0.18605777]
2154,1568,[-0.00343266]
2155,1982,[-0.00156178]
2156,1425,[-0.04015603]
2157,2235,[-0.03868155]
2158,2199,[-0.00230833]
2159,1053,[0.0154972]
2160,1732,[-0.02103903]
2161,1215,[0.07252861]
2162,2221,[0.00492354]
2163,865,[-0.06352294]
2164,1188,[-0.00617296]
2165,2119,[0.05831221]
2166,1162,[0.01567171]
2167,1892,[0.00979382]
2168,1702,[0.05829798]
2169,1198,[-0.00409433]
2170,2313,[-0.00107237]
2171,959,[0.0440333]
2172,2323,[0.02507259]
2173,1987,[0.0100771]
2174,203,[-0.00313391]
2175,837,[0.03292538]
2176,1624,[0.0287027]
2177,2138,[0.00361337]
2178,326,[0.01371261]
2179,1543,[0.0607107]
2180,1259,[-0.0096965]
2181,1400,[-0.00264176]
2182,1423,[0.03571678]
2183,261,[-0.00035159]
2184,2129,[0.04189709]
2185,2261,[0.03614418]
2186,1247,[-0.01278961]
2187,288,[-0.02248086]
2188,1694,[0.01916077]
2189,1530,[0.00347225]
2190,2166,[0.00358071]
2191,389,[-0.02685179]
2192,497,[-0.02376719]
2193,1802,[0.1084602]
2194,250,[0.05471407]
2195,1386,[-0.01660952]
2196,558,[-0.04240616]
2197,373,[-0.00729544]
2198,429,[-0.00824106]
2199,1484,[-0.03838]
2200,1064,[0.15581762]
2201,299,[0.00077193]
2202,610,[-0.04812306]
2203,1907,[0.02740823]
2204,296,[0.00524583]
2205,396,[0.03767849]
2206,1249,[0.08016071]
2207,2438,[0.01208446]
2208,1227,[0.01252231]
2209,1727,[0.1073494]
2210,268,[0.03300678]
2211,527,[0.01110485]
2212,975,[-0.00937295]
2213,768,[0.0112557]
2214,1965,[-0.01486976]
2215,525,[-0.01023006]
2216,47,[0.00056039]
2217,2369,[0.01973327]
2218,623,[-0.11072152]
2219,23,[-0.05036277]
2220,2365,[-0.10678568]
2221,1039,[-0.05102049]
2222,1686,[-0.01617057]
2223,2268,[-0.0151501]
2224,218,[0.03148971]
2225,2426,[-0.02942914]
2226,452,[0.0993638]
2227,1159,[-0.00788382]
2228,847,[0.00408062]
2229,400,[0.03032714]
2230,1337,[-0.04359476]
2231,1362,[0.00904342]
2232,1043,[0.01443971]
2233,1047,[-0.01261339]
2234,871,[0.01658091]
2235,1649,[0.00547695]
2236,1073,[-0.01032218]
2237,1560,[0.04891872]
2238,721,[-0.0068972]
2239,1924,[0.04131408]
2240,1119,[-0.02937075]
2241,1276,[-0.03079571]
2242,1764,[-0.02644792]
2243,1475,[0.04839157]
2244,2100,[-0.02278847]
2245,2055,[0.00352034]
2246,2326,[0.03775311]
2247,2296,[-0.01640971]
2248,2014,[0.05488412]
2249,89,[0.04256513]
2250,136,[-0.0316203]
2251,1911,[0.00731237]
2252,2030,[-0.03138639]
2253,1223,[0.0510908]
2254,1294,[0.09483027]
2255,11,[-0.01329859]
2256,633,[-0.02383729]
2257,33,[-0.01635785]
2258,1085,[0.02927406]
2259,450,[0.00244141]
2260,1563,[0.04213388]
2261,833,[-0.09796395]
2262,978,[-0.03754426]
2263,1625,[0.02411272]
2264,1072,[0.0194974]
2265,625,[-0.00494956]
2266,155,[-0.01934868]
2267,1226,[0.05327871]
2268,398,[-0.04999998]
2269,2117,[0.02297285]
2270,1177,[0.02295396]
2271,2289,[0.00626542]
2272,2159,[-0.00520583]
2273,1152,[-0.00488924]
2274,534,[0.00187711]
2275,2479,[-0.01845699]
2276,1703,[0.004976]
2277,797,[-0.0219008]
2278,1900,[0.06414558]
2279,835,[0.02017299]
2280,446,[0.00664658]
2281,1874,[-0.00804419]
2282,680,[0.02117195]
2283,2175,[0.01944027]
2284,478,[-0.02393867]
2285,2214,[0.0234898]
2286,2226,[0.03686686]
2287,2408,[0.07609634]
2288,336,[0.08751033]
2289,1977,[0.04811022]
2290,1375,[-0.0428789]
2291,754,[-0.09123229]
2292,2236,[-0.01408425]
2293,2403,[0.01610876]
2294,1127,[-0.00858815]
2295,2031,[0.12580418]
2296,1456,[-0.02464347]
2297,1623,[0.01237137]
2298,252,[-0.00817596]
2299,348,[0.06355826]
2300,855,[-0.01660467]
2301,331,[0.02023547]
2302,1414,[0.01560359]
2303,962,[-0.00317727]
2304,1399,[0.00212832]
2305,260,[0.03143497]
2306,154,[-0.00930906]
2307,104,[0.11526774]
2308,854,[0.03700126]
2309,1478,[0.00637939]
2310,740,[-0.0073445]
2311,48,[0.01998412]
2312,1500,[0.00862442]
2313,2164,[0.01208687]
2314,2121,[-0.01213622]
2315,704,[-0.01016655]
2316,399,[-0.20309732]
2317,1327,[-0.00468233]
2318,508,[0.01064259]
2319,1122,[-0.0047482]
2320,1224,[-0.02579052]
2321,2466,[0.02177697]
2322,1775,[0.0171258]
2323,1389,[0.08345444]
2324,743,[-0.05785521]
2325,3,[-0.06624473]
2326,214,[0.00941976]
2327,2476,[0.05913268]
2328,2282,[0.00088952]
2329,50,[0.05195603]
2330,814,[0.04382171]
2331,2372,[0.01049415]
2332,1644,[-0.04339016]
2333,842,[0.06492284]
2334,1313,[-0.06440874]
2335,660,[-0.02617315]
2336,577,[0.01403089]
2337,1381,[0.0020465]
2338,289,[0.04071221]
2339,1935,[0.01899022]
2340,696,[0.00063031]
2341,1100,[3.96888901e-05]
2342,1947,[-0.03433235]
2343,176,[0.01035589]
2344,2212,[-0.01030352]
2345,1505,[-0.00361843]
2346,2337,[-0.01539968]
2347,496,[-0.0533495]
2348,1451,[0.00430805]
2349,502,[-0.05856156]
2350,10,[-0.06021026]
2351,121,[-0.00835061]
2352,2388,[-0.03873059]
2353,1078,[0.00168063]
2354,1721,[-0.00581565]
2355,237,[-0.11037332]
2356,2464,[-0.00195173]
2357,2494,[-7.83331601e-05]
2358,2045,[0.04292895]
2359,1237,[0.01812865]
2360,1768,[0.03140229]
2361,531,[0.00423448]
2362,2436,[-0.15680137]
2363,977,[0.00884359]
2364,1242,[-0.03407074]
2365,766,[-0.00684391]
2366,1842,[-0.09069597]
2367,2230,[0.003335]
2368,2264,[-0.01366552]
2369,1638,[0.00197664]
2370,129,[-0.01155354]
2371,663,[-0.01300988]
2372,2071,[-0.01472504]
2373,649,[-0.06999293]
2374,292,[-0.0125343]
2375,1429,[0.00486128]
2376,532,[-0.03331849]
2377,1546,[0.00852693]
2378,2118,[-0.04752834]
2379,109,[-0.00598938]
2380,695,[0.01665759]
2381,2041,[0.01052873]
2382,156,[-0.02419663]
2383,1645,[0.09888457]
2384,2131,[0.01334254]
2385,158,[-0.00223157]
2386,757,[0.03716546]
2387,1741,[-0.00994804]
2388,771,[0.00726543]
2389,458,[-3.81264134e-05]
2390,1820,[0.00135703]
2391,265,[0.04347948]
2392,1812,[0.0148659]
2393,2432,[-0.03742034]
2394,1999,[0.01339813]
2395,1676,[0.01200879]
2396,28,[0.01051656]
2397,1005,[-0.00207447]
2398,505,[0.01324164]
2399,1813,[0.11931937]
2400,43,[-0.00855464]
2401,1541,[0.02748297]
2402,1776,[-0.01852312]
2403,303,[0.04709196]
2404,689,[-0.03645851]
2405,683,[-0.05255238]
2406,1759,[0.03552851]
2407,1885,[0.01639446]
2408,101,[-0.03749151]
2409,1103,[-0.03818241]
2410,441,[-0.04369909]
2411,949,[0.02892852]
2412,2299,[0.02006515]
2413,524,[-0.08499822]
2414,537,[-0.00631384]
2415,1050,[0.04493792]
2416,2149,[0.0172808]
2417,2359,[-0.03469537]
2418,549,[-0.02270266]
2419,2271,[0.00292003]
2420,2172,[0.0117163]
2421,164,[0.02578896]
2422,2361,[-0.00648652]
2423,1964,[0.01484129]
2424,1493,[-0.07345249]
2425,2481,[0.00122925]
2426,2036,[0.00835714]
2427,2188,[0.02508797]
2428,151,[0.0029696]
2429,1823,[-0.02778683]
2430,1271,[-0.00026422]
2431,1712,[-0.05802049]
2432,1567,[-0.03986204]
2433,1819,[0.01252424]
2434,485,[0.00682196]
2435,618,[0.01797023]
2436,1335,[0.02698288]
2437,638,[-0.01332564]
2438,1650,[-0.018069]
2439,1446,[-0.01981985]
2440,1352,[-0.03496977]
2441,1972,[0.04523125]
2442,1850,[-0.01431394]
2443,1748,[0.00182558]
2444,747,[-0.00199663]
2445,1666,[-0.01926147]
2446,664,[-0.00177873]
2447,1578,[0.02825133]
2448,2386,[0.00877442]
2449,1839,[-0.0200827]
2450,436,[-0.00352604]
2451,2496,[-0.02617129]
2452,2343,[-0.00143169]
2453,1966,[-0.02631023]
2454,919,[0.00873521]
2455,415,[-0.04682076]
2456,379,[0.07921856]
2457,2474,[-0.00580544]
2458,201,[0.04032661]
2459,1265,[-0.04512969]
2460,1618,[0.02568954]
2461,2123,[0.06345921]
2462,66,[-0.00870998]
2463,1087,[-0.0092614]
2464,1394,[0.00389762]
2465,1815,[0.07364084]
2466,1171,[0.06649811]
2467,1283,[-0.00750944]
2468,1995,[-0.03857124]
2469,1074,[0.03926577]
2470,1807,[-0.04190358]
2471,492,[0.00668425]
2472,2278,[-0.00872675]
2473,2147,[0.02432823]
2474,2167,[-0.04430819]
2475,622,[-0.01590648]
2476,6,[-0.01793617]
2477,2433,[0.00063566]
2478,1678,[-0.06045019]
2479,2315,[-0.19999692]
2480,353,[0.03898824]
2481,732,[0.03779751]
2482,764,[-0.01021787]
2483,2338,[0.00476308]
2484,1424,[0.01224248]
2485,2256,[0.06246447]
2486,1235,[0.04563415]
2487,2373,[0.00577825]
2488,440,[-0.00569105]
2489,2202,[-0.00383886]
2490,1594,[0.00810222]
2491,540,[0.05960432]
2492,1516,[0.05001823]
2493,338,[0.02060129]
2494,1035,[-0.17974371]
2495,615,[-0.00365099]
2496,1077,[0.09710249]
2497,1581,[-0.04313063]
2498,1984,[0.79822193]
2499,2325,[1.32977578]
